{"global_step": 9994240, "_timestamp": 1669098064.7588573, "_runtime": 4089.529220342636, "_step": 4943, "charts/policy_learning_rate": 4.0983607618727547e-07, "charts/value_learning_rate": 4.0983607618727547e-07, "charts/distill_learning_rate": 4.0983607618727547e-07, "losses/value_loss": 0.00028671964537352324, "losses/policy_loss": -5.965074524283409e-05, "losses/distill_loss": 0.00010234787623630837, "losses/entropy": 0.8223739862442017, "losses/old_approx_kl": -2.7029309421777725e-05, "losses/approx_kl": 6.028276402503252e-07, "losses/clipfrac": 0.0, "losses/explained_variance": 0.9978383183479309, "charts/SPS": 2445.0, "charts/avg_episodic_return": 20.950000762939453, "charts/episodic_return": 21.0, "charts/episodic_length": 2293.0, "_wandb": {"runtime": 4089}}