{"global_step": 59998208, "_timestamp": 1667751756.47629, "_runtime": 498.5546910762787, "_step": 1831, "charts/avg_episodic_return": 5973.62451171875, "charts/avg_episodic_length": 992.35302734375, "charts/learning_rate": 0.0026000000070780516, "losses/value_loss": 525.6412963867188, "losses/policy_loss": -0.001181171741336584, "losses/entropy": -1.2934452295303345, "losses/approx_kl": 0.031208887696266174, "losses/loss": 1051.2813720703125, "charts/SPS": 122688.0, "charts/SPS_update": 663299.0, "_wandb": {"runtime": 498}}