{"global_step": 29982720, "_timestamp": 1667751054.9773536, "_runtime": 454.0740375518799, "_step": 915, "charts/avg_episodic_return": 3800.760009765625, "charts/avg_episodic_length": 970.19189453125, "charts/learning_rate": 0.0, "losses/value_loss": 162.8775177001953, "losses/policy_loss": -0.00016471045091748238, "losses/entropy": -0.5344163179397583, "losses/approx_kl": 1.8031954823527485e-05, "losses/loss": 325.7548828125, "charts/SPS": 67466.0, "charts/SPS_update": 661607.0, "_wandb": {"runtime": 453}}