{"global_step": 9994240, "_timestamp": 1669127754.865317, "_runtime": 3752.5142271518707, "_step": 4926, "charts/policy_learning_rate": 4.0983607618727547e-07, "charts/value_learning_rate": 4.0983607618727547e-07, "charts/distill_learning_rate": 4.0983607618727547e-07, "losses/value_loss": 0.0005017874063923955, "losses/policy_loss": -8.117710240185261e-05, "losses/distill_loss": 0.10128793865442276, "losses/entropy": 0.7513263821601868, "losses/old_approx_kl": -1.4627235941588879e-05, "losses/approx_kl": 6.774207577109337e-07, "losses/clipfrac": 0.0, "losses/explained_variance": 0.9933426380157471, "charts/SPS": 2665.0, "charts/avg_episodic_return": 20.799999237060547, "charts/episodic_return": 20.0, "charts/episodic_length": 2016.0, "_wandb": {"runtime": 3752}}