,nrows,ncols,ft_duration,rust_duration
0,10,10,0.06200695037841797,0.002094745635986328
1,10,100,1.8567609786987305,0.05537271499633789
2,10,1000,320.02851605415344,5.401379823684692
3,100,10,0.06056404113769531,0.0018777847290039062
4,100,100,1.8554880619049072,0.0546720027923584
5,100,1000,321.1297290325165,5.306840896606445
6,1000,10,0.059957027435302734,0.0018649101257324219
7,1000,100,1.9801971912384033,0.058676958084106445
8,1000,1000,478.301500082016,5.314168930053711
