,nrows,ncols,ft_duration,rust_duration
0,10,10,0.07073402404785156,0.0026221275329589844
1,10,100,1.887312889099121,0.07623982429504395
2,10,1000,318.48985290527344,7.438298225402832
3,100,10,0.063140869140625,0.003968000411987305
4,100,100,1.9097468852996826,0.09171819686889648
5,100,1000,313.8177123069763,7.109782934188843
6,1000,10,0.06096696853637695,0.0017199516296386719
7,1000,100,1.8565731048583984,0.07473492622375488
8,1000,1000,309.03377890586853,7.417272090911865
